#CODE;ENGLISH;FRENCH;GERMAN;;SPANISH;;;;;;;;;
########################################;;;;;;;;;;;;;;
#New provinces;;;;;;;;;;;;;;
########################################;;;;;;;;;;;;;;
PROV2061;Tirunelveli;xxxxxxxxxx;;;;;;;;;;;;x
PROV2062;Kongu;xxxxxxxxxx;;;;;;;;;;;;x
PROV2063;Tenkasi;xxxxxxxxxx;;;;;;;;;;;;x
PROV2064;Minzhou;xxxxxxxxxx;;;;;;;;;;;;x
PROV2065;Venadu;xxxxxxxxxx;;;;;;;;;;;;x
PROV2066;Gongzhou;xxxxxxxxxx;;;;;;;;;;;;x
PROV2067;Amrok;xxxxxxxxxx;;;;;;;;;;;;x
PROV2068;Phiti;xxxxxxxxxx;;;;;;;;;;;;x
PROV2069;Nagadipa;xxxxxxxxxx;;;;;;;;;;;;x
PROV2070;Kotthasara;xxxxxxxxxx;;;;;;;;;;;;x
PROV2071;Vengipura;xxxxxxxxxx;;;;;;;;;;;;x
PROV2072;Vijayawada;xxxxxxxxxx;;;;;;;;;;;;x
PROV2073;Pithapuram;xxxxxxxxxx;;;;;;;;;;;;x
PROV2074;Rajamahendravaram;xxxxxxxxxx;;;;;;;;;;;;x
PROV2075;Udayagiri;xxxxxxxxxx;;;;;;;;;;;;x
PROV2076;Amaravati;xxxxxxxxxx;;;;;;;;;;;;x
PROV2077;Jangryeong;xxxxxxxxxx;;;;;;;;;;;;x
PROV2078;Nellore;xxxxxxxxxx;;;;;;;;;;;;x
PROV2079;Orangallu;xxxxxxxxxx;;;;;;;;;;;;x
PROV2080;Kambampet;xxxxxxxxxx;;;;;;;;;;;;x
PROV2081;Buyeo;xxxxxxxxxx;;;;;;;;;;;;x
PROV2082;Hyeondeok;xxxxxxxxxx;;;;;;;;;;;;x
PROV2083;Racakonda;xxxxxxxxxx;;;;;;;;;;;;x
PROV2084;Nilagiri;xxxxxxxxxx;;;;;;;;;;;;x
PROV2085;Makhil;xxxxxxxxxx;;;;;;;;;;;;x
PROV2086;Ryongcheon;xxxxxxxxxx;;;;;;;;;;;;x
PROV2087;Solbin;xxxxxxxxxx;;;;;;;;;;;;x
PROV2088;Sripuri;xxxxxxxxxx;;;;;;;;;;;;x
PROV2089;Rayapura;xxxxxxxxxx;;;;;;;;;;;;x
PROV2090;Suvarnapura;xxxxxxxxxx;;;;;;;;;;;;x
PROV2091;Sambalpur;xxxxxxxxxx;;;;;;;;;;;;x
PROV2092;Kiranapura;xxxxxxxxxx;;;;;;;;;;;;x
PROV2093;Kataka;xxxxxxxxxx;;;;;;;;;;;;x
PROV2094;Viraja;xxxxxxxxxx;;;;;;;;;;;;x
PROV2095;Khinjali Mandala;xxxxxxxxxx;;;;;;;;;;;;x
PROV2096;Kodalaka Mandala;xxxxxxxxxx;;;;;;;;;;;;x
PROV2097;Khijjingakota;xxxxxxxxxx;;;;;;;;;;;;x
PROV2098;Puri;xxxxxxxxxx;;;;;;;;;;;;x
PROV2099;Swetaka Mandala;xxxxxxxxxx;;;;;;;;;;;;x
PROV2100;Kalinganagar;xxxxxxxxxx;;;;;;;;;;;;x
PROV2101;Vizagipatam;xxxxxxxxxx;;;;;;;;;;;;x
PROV2102;Cakrakuta;xxxxxxxxxx;;;;;;;;;;;;x
PROV2103;Barasuru;xxxxxxxxxx;;;;;;;;;;;;x
PROV2104;Nandapur;xxxxxxxxxx;;;;;;;;;;;;x
PROV2105;Tummana;xxxxxxxxxx;;;;;;;;;;;;x
PROV2106;Ratanpur;xxxxxxxxxx;;;;;;;;;;;;x
PROV2107;Bandhugadha;xxxxxxxxxx;;;;;;;;;;;;x
PROV2108;Sravasti;xxxxxxxxxx;;;;;;;;;;;;x
PROV2109;Ayodhya;xxxxxxxxxx;;;;;;;;;;;;x
PROV2110;Gurgi;xxxxxxxxxx;;;;;;;;;;;;x
PROV2111;Magadha;xxxxxxxxxx;;;;;;;;;;;;x
PROV2112;Sasaram;xxxxxxxxxx;;;;;;;;;;;;x
PROV2113;Gaya;xxxxxxxxxx;;;;;;;;;;;;x
PROV2114;Mudgagiri;xxxxxxxxxx;;;;;;;;;;;;x
PROV2115;Jharkand;xxxxxxxxxx;;;;;;;;;;;;x
PROV2116;Rothas;xxxxxxxxxx;;;;;;;;;;;;x
PROV2117;Rajrappa;xxxxxxxxxx;;;;;;;;;;;;x
PROV2118;Munda;xxxxxxxxxx;;;;;;;;;;;;x
PROV2119;Damin-i-koh;xxxxxxxxxx;;;;;;;;;;;;x
PROV2120;Mithila;xxxxxxxxxx;;;;;;;;;;;;x
PROV2121;Kusinagara;xxxxxxxxxx;;;;;;;;;;;;x
PROV2122;Simaramapura;xxxxxxxxxx;;;;;;;;;;;;x
PROV2123;Varanasi;xxxxxxxxxx;;;;;;;;;;;;x
PROV2124;Jaunpur;xxxxxxxxxx;;;;;;;;;;;;x
PROV2125;Chunar;xxxxxxxxxx;;;;;;;;;;;;x
PROV2126;Pokhara;xxxxxxxxxx;;;;;;;;;;;;x
PROV2127;Lumbini;xxxxxxxxxx;;;;;;;;;;;;x
PROV2128;Mustang;xxxxxxxxxx;;;;;;;;;;;;x
PROV2129;Kathmandu;xxxxxxxxxx;;;;;;;;;;;;x
PROV2130;Janakpur;xxxxxxxxxx;;;;;;;;;;;;x
PROV2131;Limbuwan;xxxxxxxxxx;;;;;;;;;;;;x
PROV2132;Gauda;xxxxxxxxxx;;;;;;;;;;;;x
PROV2133;Radha;xxxxxxxxxx;;;;;;;;;;;;x
PROV2134;Laksmanavati;xxxxxxxxxx;;;;;;;;;;;;x
PROV2135;Kotivarsa;xxxxxxxxxx;;;;;;;;;;;;x
PROV2136;Tamralipti;xxxxxxxxxx;;;;;;;;;;;;x
PROV2137;Midnapore;xxxxxxxxxx;;;;;;;;;;;;x
PROV2138;Mallabhum;xxxxxxxxxx;;;;;;;;;;;;x
PROV2139;Nabadwipa;xxxxxxxxxx;;;;;;;;;;;;x
PROV2140;Saptagrama;xxxxxxxxxx;;;;;;;;;;;;x
PROV2141;Vijayapura;xxxxxxxxxx;;;;;;;;;;;;x
PROV2142;Bikrampur;xxxxxxxxxx;;;;;;;;;;;;x
PROV2143;Kumara mandala;xxxxxxxxxx;;;;;;;;;;;;x
PROV2144;Candradvipa;xxxxxxxxxx;;;;;;;;;;;;x
PROV2145;Samatata;xxxxxxxxxx;;;;;;;;;;;;x
PROV2146;Karmanta;xxxxxxxxxx;;;;;;;;;;;;x
PROV2147;Madhupur;xxxxxxxxxx;;;;;;;;;;;;x
PROV2148;Pundravardhana;xxxxxxxxxx;;;;;;;;;;;;x
PROV2149;Suvarnagram;xxxxxxxxxx;;;;;;;;;;;;x
PROV2150;Kamarupanagara;xxxxxxxxxx;;;;;;;;;;;;x
PROV2151;Kamatapur;xxxxxxxxxx;;;;;;;;;;;;x
PROV2152;Sikkim;xxxxxxxxxx;;;;;;;;;;;;x
PROV2153;Goalpara;xxxxxxxxxx;;;;;;;;;;;;x
PROV2154;Dimapur;xxxxxxxxxx;;;;;;;;;;;;x
PROV2155;Srihatta;xxxxxxxxxx;;;;;;;;;;;;x
PROV2156;Haruppeswara;xxxxxxxxxx;;;;;;;;;;;;x
PROV2157;Kundina;xxxxxxxxxx;;;;;;;;;;;;x
PROV2158;Monyul;xxxxxxxxxx;;;;;;;;;;;;x
PROV2159;Lhoyu;xxxxxxxxxx;;;;;;;;;;;;x
PROV2160;Batang;xxxxxxxxxx;;;;;;;;;;;;x
PROV2161;Zhongba;xxxxxxxxxx;;;;;;;;;;;;x
PROV2162;Bumthang;xxxxxxxxxx;;;;;;;;;;;;x
PROV2163;Paro;xxxxxxxxxx;;;;;;;;;;;;x
PROV2164;Taktse;xxxxxxxxxx;;;;;;;;;;;;x
PROV2165;Lhunze;xxxxxxxxxx;;;;;;;;;;;;x
PROV2166;Nedong;xxxxxxxxxx;;;;;;;;;;;;x
PROV2167;Lhasa;xxxxxxxxxx;;;;;;;;;;;;x
PROV2168;Lhunzhub;xxxxxxxxxx;;;;;;;;;;;;x
PROV2169;Kunggar;xxxxxxxxxx;;;;;;;;;;;;x
PROV2170;Xizhou;xxxxxxxxxx;;;;;;;;;;;;x
PROV2171;Arjin;xxxxxxxxxx;;;;;;;;;;;;x
PROV2172;Lanzhou;xxxxxxxxxx;;;;;;;;;;;;x
PROV2173;Nagchu;xxxxxxxxxx;;;;;;;;;;;;x
PROV2174;Xainza;xxxxxxxxxx;;;;;;;;;;;;x
PROV2175;Nyima;xxxxxxxxxx;;;;;;;;;;;;x
PROV2176;Shigatse;xxxxxxxxxx;;;;;;;;;;;;x
PROV2177;Lhatse;xxxxxxxxxx;;;;;;;;;;;;x
PROV2178;Gyantse;xxxxxxxxxx;;;;;;;;;;;;x
PROV2179;Sakya;xxxxxxxxxx;;;;;;;;;;;;x
PROV2180;Mangyul;xxxxxxxxxx;;;;;;;;;;;;x
PROV2181;Gyesar;xxxxxxxxxx;;;;;;;;;;;;x
PROV2182;Garze;xxxxxxxxxx;;;;;;;;;;;;x
PROV2183;Litang;xxxxxxxxxx;;;;;;;;;;;;x
PROV2184;Dartsedo;xxxxxxxxxx;;;;;;;;;;;;x
PROV2185;Gyelmorong;xxxxxxxxxx;;;;;;;;;;;;x
PROV2186;Gyaltang;xxxxxxxxxx;;;;;;;;;;;;x
PROV2187;Dege;xxxxxxxxxx;;;;;;;;;;;;x
PROV2188;Lhatok;xxxxxxxxxx;;;;;;;;;;;;x
PROV2189;Markam;xxxxxxxxxx;;;;;;;;;;;;x
PROV2190;Qamdo;xxxxxxxxxx;;;;;;;;;;;;x
PROV2191;Bome;xxxxxxxxxx;;;;;;;;;;;;x
PROV2192;Banbar;xxxxxxxxxx;;;;;;;;;;;;x
PROV2193;Nyingchi;xxxxxxxxxx;;;;;;;;;;;;x
PROV2194;Medog;xxxxxxxxxx;;;;;;;;;;;;x
PROV2195;Mainling;xxxxxxxxxx;;;;;;;;;;;;x
PROV2196;Liangzhou;xxxxxxxxxx;;;;;;;;;;;;x
PROV2197;Guazhou;xxxxxxxxxx;;;;;;;;;;;;x
PROV2198;Suzhou;xxxxxxxxxx;;;;;;;;;;;;x
PROV2199;Shazhou;xxxxxxxxxx;;;;;;;;;;;;x
PROV2200;Ganzhou;xxxxxxxxxx;;;;;;;;;;;;x
PROV2201;Fuqi;xxxxxxxxxx;;;;;;;;;;;;x
PROV2202;Delingha;xxxxxxxxxx;;;;;;;;;;;;x
PROV2203;Dulan;xxxxxxxxxx;;;;;;;;;;;;x
PROV2204;Nagormo;xxxxxxxxxx;;;;;;;;;;;;x
PROV2205;Qaidam;xxxxxxxxxx;;;;;;;;;;;;x
PROV2206;Lenghu;xxxxxxxxxx;;;;;;;;;;;;x
PROV2207;Nangqen;xxxxxxxxxx;;;;;;;;;;;;x
PROV2208;Zadoi;xxxxxxxxxx;;;;;;;;;;;;x
PROV2209;Lingtsang;xxxxxxxxxx;;;;;;;;;;;;x
PROV2210;Tsongkha;xxxxxxxxxx;;;;;;;;;;;;x
PROV2211;Ngawa;xxxxxxxxxx;;;;;;;;;;;;x
PROV2212;Trisho;xxxxxxxxxx;;;;;;;;;;;;x
PROV2213;Bharauli;xxxxxxxxxx;;;;;;;;;;;;x
PROV2214;Prayaga;xxxxxxxxxx;;;;;;;;;;;;x
PROV2215;Jingzhou;xxxxxxxxxx;;;;;;;;;;;;x
PROV2216;Alashan;xxxxxxxxxx;;;;;;;;;;;;x
PROV2217;Charkliq;xxxxxxxxxx;;;;;;;;;;;;x
PROV2218;Loulan;xxxxxxxxxx;;;;;;;;;;;;x
PROV2219;Yanzhou;xxxxxxxxxx;;;;;;;;;;;;x
PROV2220;Kumtag;xxxxxxxxxx;;;;;;;;;;;;x
PROV2221;Kumul;xxxxxxxxxx;;;;;;;;;;;;x
PROV2222;Barkul;xxxxxxxxxx;;;;;;;;;;;;x
PROV2223;Ejin;xxxxxxxxxx;;;;;;;;;;;;x
PROV2224;Aj Bogd;xxxxxxxxxx;;;;;;;;;;;;x
PROV2225;Ikh Bogd;xxxxxxxxxx;;;;;;;;;;;;x
PROV2226;Tsagaannuur;xxxxxxxxxx;;;;;;;;;;;;x
PROV2227;Kara Khoja;xxxxxxxxxx;;;;;;;;;;;;x
PROV2228;Luntai;xxxxxxxxxx;;;;;;;;;;;;x
PROV2229;Altay;xxxxxxxxxx;;;;;;;;;;;;x
PROV2230;Dunkheger;xxxxxxxxxx;;;;;;;;;;;;x
PROV2231;Beshbaliq;xxxxxxxxxx;;;;;;;;;;;;x
PROV2232;Muztau;xxxxxxxxxx;;;;;;;;;;;;x
PROV2233;Khangai;xxxxxxxxxx;;;;;;;;;;;;x
PROV2234;Kara Khorum;xxxxxxxxxx;;;;;;;;;;;;x
PROV2235;Baygal;xxxxxxxxxx;;;;;;;;;;;;x
PROV2236;Ket;xxxxxxxxxx;;;;;;;;;;;;x
PROV2237;Kyzyl;xxxxxxxxxx;;;;;;;;;;;;x
PROV2238;Otuken;xxxxxxxxxx;;;;;;;;;;;;x
PROV2239;Gorgol;xxxxxxxxxx;;;;;;;;;;;;x
PROV2240;Kirghiz;xxxxxxxxxx;;;;;;;;;;;;x
PROV2241;Jeongri;xxxxxxxxxx;;;;;;;;;;;;x
PROV2242;Cholamandalam;xxxxxxxxxx;;;;;;;;;;;;x
PROV2243;Luzhou;xxxxxxxxxx;;;;;;;;;;;;x
PROV2244;Tagadur;xxxxxxxxxx;;;;;;;;;;;;x
PROV2245;Yingzhou;xxxxxxxxxx;;;;;;;;;;;;x
PROV2246;Jizhou;xxxxxxxxxx;;;;;;;;;;;;x
PROV2247;Baozhou;xxxxxxxxxx;;;;;;;;;;;;x
PROV2248;Shenzhou;xxxxxxxxxx;;;;;;;;;;;;x
PROV2249;Qizhou;xxxxxxxxxx;;;;;;;;;;;;x
PROV2250;Zezhou;xxxxxxxxxx;;;;;;;;;;;;x
PROV2251;Zhenzhou;xxxxxxxxxx;;;;;;;;;;;;x
PROV2252;Xingzhou;xxxxxxxxxx;;;;;;;;;;;;x
PROV2253;Dingzhou;xxxxxxxxxx;;;;;;;;;;;;x
PROV2254;Weizhou;xxxxxxxxxx;;;;;;;;;;;;x
PROV2255;Zhaozhou;xxxxxxxxxx;;;;;;;;;;;;x
PROV2256;Cizhou;xxxxxxxxxx;;;;;;;;;;;;x
PROV2257;Henan;xxxxxxxxxx;;;;;;;;;;;;x
PROV2258;Huaizhou;xxxxxxxxxx;;;;;;;;;;;;x
PROV2259;Xiangzhou;xxxxxxxxxx;;;;;;;;;;;;x
PROV2260;Mengzhou;xxxxxxxxxx;;;;;;;;;;;;x
PROV2261;Liaozhou;xxxxxxxxxx;;;;;;;;;;;;x
PROV2262;Mingzhou;xxxxxxxxxx;;;;;;;;;;;;x
PROV2263;Fenzhou;xxxxxxxxxx;;;;;;;;;;;;x
PROV2264;Qinzhou;xxxxxxxxxx;;;;;;;;;;;;x
PROV2265;Bingzhou;xxxxxxxxxx;;;;;;;;;;;;x
PROV2266;Daizhou;xxxxxxxxxx;;;;;;;;;;;;x
PROV2267;Luzhou;xxxxxxxxxx;;;;;;;;;;;;x
PROV2268;Yuzhou;xxxxxxxxxx;;;;;;;;;;;;x
PROV2269;Pingding;xxxxxxxxxx;;;;;;;;;;;;x
PROV2270;Zhenrong;xxxxxxxxxx;;;;;;;;;;;;x
PROV2271;Datong;xxxxxxxxxx;;;;;;;;;;;;x
PROV2272;Weizhou;xxxxxxxxxx;;;;;;;;;;;;x
PROV2273;Jingzhou;xxxxxxxxxx;;;;;;;;;;;;x
PROV2274;Yuanzhou;xxxxxxxxxx;;;;;;;;;;;;x
PROV2275;Ningzhou;xxxxxxxxxx;;;;;;;;;;;;x
PROV2276;Jingzhao;xxxxxxxxxx;;;;;;;;;;;;x
PROV2277;Shengzhou;xxxxxxxxxx;;;;;;;;;;;;x
PROV2278;Fangzhou;xxxxxxxxxx;;;;;;;;;;;;x
PROV2279;Binzhou;xxxxxxxxxx;;;;;;;;;;;;x
PROV2280;Fengzhou;xxxxxxxxxx;;;;;;;;;;;;x
PROV2281;Yunnei;xxxxxxxxxx;;;;;;;;;;;;x
PROV2282;Yingzhou;xxxxxxxxxx;;;;;;;;;;;;x
PROV2283;Yaozhou;xxxxxxxxxx;;;;;;;;;;;;x
PROV2284;Xianzhou;xxxxxxxxxx;;;;;;;;;;;;x
PROV2285;Xinzhou;xxxxxxxxxx;;;;;;;;;;;;x
PROV2286;Lingzhou;xxxxxxxxxx;;;;;;;;;;;;x
PROV2287;Shuozhou;xxxxxxxxxx;;;;;;;;;;;;x
PROV2288;Jinzhou;xxxxxxxxxx;;;;;;;;;;;;x
PROV2289;Jiangzhou;xxxxxxxxxx;;;;;;;;;;;;x
PROV2290;Hezhong;xxxxxxxxxx;;;;;;;;;;;;x
PROV2291;Guozhou;xxxxxxxxxx;;;;;;;;;;;;x
PROV2292;Jiezhou;xxxxxxxxxx;;;;;;;;;;;;x
PROV2293;Shanzhou;xxxxxxxxxx;;;;;;;;;;;;x
PROV2294;Shangzhou;xxxxxxxxxx;;;;;;;;;;;;x
PROV2295;Youzhou;xxxxxxxxxx;;;;;;;;;;;;x
PROV2296;Danzhou;xxxxxxxxxx;;;;;;;;;;;;x
PROV2297;Dengzhou;xxxxxxxxxx;;;;;;;;;;;;x
PROV2298;Xiazhou;xxxxxxxxxx;;;;;;;;;;;;x
PROV2299;Ordos;xxxxxxxxxx;;;;;;;;;;;;x
PROV2300;Linzhou;xxxxxxxxxx;;;;;;;;;;;;x
PROV2301;Suizhou;xxxxxxxxxx;;;;;;;;;;;;x
PROV2302;Yinzhou;xxxxxxxxxx;;;;;;;;;;;;x
PROV2303;Tiande;xxxxxxxxxx;;;;;;;;;;;;x
PROV2304;Cizhou;xxxxxxxxxx;;;;;;;;;;;;x
PROV2305;Lanzhou;xxxxxxxxxx;;;;;;;;;;;;x
PROV2306;Xizhou;xxxxxxxxxx;;;;;;;;;;;;x
PROV2307;Shizhou;xxxxxxxxxx;;;;;;;;;;;;x
PROV2308;Dongsheng;xxxxxxxxxx;;;;;;;;;;;;x
PROV2309;Tongzhou;xxxxxxxxxx;;;;;;;;;;;;x
PROV2310;Huazhou;xxxxxxxxxx;;;;;;;;;;;;x
PROV2311;Longzhou;xxxxxxxxxx;;;;;;;;;;;;x
PROV2312;Qinzhou;xxxxxxxxxx;;;;;;;;;;;;x
PROV2313;Huizhou;xxxxxxxxxx;;;;;;;;;;;;x
PROV2314;Qingzhou;xxxxxxxxxx;;;;;;;;;;;;x
PROV2315;Bao'an;xxxxxxxxxx;;;;;;;;;;;;x
PROV2316;Quanzhou;xxxxxxxxxx;;;;;;;;;;;;x
PROV2317;Fuzhou;xxxxxxxxxx;;;;;;;;;;;;x
PROV2318;Junzhou;xxxxxxxxxx;;;;;;;;;;;;x
PROV2319;Fengzhou;xxxxxxxxxx;;;;;;;;;;;;x
PROV2320;Yizhou;xxxxxxxxxx;;;;;;;;;;;;x
PROV2321;Fengxiang;xxxxxxxxxx;;;;;;;;;;;;x
PROV2322;Govi;xxxxxxxxxx;;;;;;;;;;;;x
PROV2323;Japan;xxxxxxxxxx;;;;;;;;;;;;x
PROV2324;Goryeo;xxxxxxxxxx;;;;;;;;;;;;x
PROV2325;Southeast Asia;xxxxxxxxxx;;;;;;;;;;;;x
PROV2326;Indonesia;xxxxxxxxxx;;;;;;;;;;;;x
PROV2327;Philippines;xxxxxxxxxx;;;;;;;;;;;;x
PROV2328;Guangxi;xxxxxxxxxx;;;;;;;;;;;;x
PROV2329;Baygal Naghur;xxxxxxxxxx;;;;;;;;;;;;x
PROV2330;Lop Naghur;xxxxxxxxxx;;;;;;;;;;;;x
PROV2331;Vairagara;xxxxxxxxxx;;;;;;;;;;;;x
PROV2332;Canda;xxxxxxxxxx;;;;;;;;;;;;x
PROV2333;Nandagiri;xxxxxxxxxx;;;;;;;;;;;;x
PROV2334;Potapi;xxxxxxxxxx;;;;;;;;;;;;x
PROV2335;Kanchipuram;xxxxxxxxxx;;;;;;;;;;;;x
PROV2336;Akyab Bay;xxxxxxxxxx;;;;;;;;;;;;x
PROV2337;Ganges Delta;xxxxxxxxxx;;;;;;;;;;;;x
PROV2338;Bay of Bengal;xxxxxxxxxx;;;;;;;;;;;;x
PROV2339;Coast of Orissa;xxxxxxxxxx;;;;;;;;;;;;x
PROV2340;Coast of Machilipatnam;xxxxxxxxxx;;;;;;;;;;;;x
PROV2341;Coast of Coromandel;xxxxxxxxxx;;;;;;;;;;;;x
PROV2342;Coast of Ceylon;xxxxxxxxxx;;;;;;;;;;;;x
PROV2343;Madurai;xxxxxxxxxx;;;;;;;;;;;;x
PROV2344;Comorin Cape;xxxxxxxxxx;;;;;;;;;;;;x
PROV2345;Rameswaram Bay;xxxxxxxxxx;;;;;;;;;;;;x
PROV2346;Yinshan;xxxxxxxxxx;;;;;;;;;;;;x
PROV2347;Siliyin;xxxxxxxxxx;;;;;;;;;;;;x
PROV2348;Sakizima;xxxxxxxxxx;;;;;;;;;;;;x
PROV2349;Mozhou;xxxxxxxxxx;;;;;;;;;;;;x
PROV2350;Bazhou;xxxxxxxxxx;;;;;;;;;;;;x
PROV2351;Xiongzhou;xxxxxxxxxx;;;;;;;;;;;;x
PROV2352;Zhuozhou;xxxxxxxxxx;;;;;;;;;;;;x
PROV2353;Yizhou;xxxxxxxxxx;;;;;;;;;;;;x
PROV2354;Fengsheng;xxxxxxxxxx;;;;;;;;;;;;x
PROV2355;Youdu;xxxxxxxxxx;;;;;;;;;;;;x
PROV2356;Jizhou;xxxxxxxxxx;;;;;;;;;;;;x
PROV2357;Tanzhou;xxxxxxxxxx;;;;;;;;;;;;x
PROV2358;Dading;xxxxxxxxxx;;;;;;;;;;;;x
PROV2359;Linhuang;xxxxxxxxxx;;;;;;;;;;;;x
PROV2360;Fangzhou;xxxxxxxxxx;;;;;;;;;;;;x
PROV2361;Jinzhou;xxxxxxxxxx;;;;;;;;;;;;x
PROV2362;Yangzhou;xxxxxxxxxx;;;;;;;;;;;;x
PROV2363;Xingyuan;xxxxxxxxxx;;;;;;;;;;;;x
PROV2364;Xingzhou;xxxxxxxxxx;;;;;;;;;;;;x
PROV2365;Chengzhou;xxxxxxxxxx;;;;;;;;;;;;x
PROV2366;Jiezhou;xxxxxxxxxx;;;;;;;;;;;;x
PROV2367;Wenzhou;xxxxxxxxxx;;;;;;;;;;;;x
PROV2368;Lizhou;xxxxxxxxxx;;;;;;;;;;;;x
PROV2369;Jizhou;xxxxxxxxxx;;;;;;;;;;;;x
PROV2370;Bizhou;xxxxxxxxxx;;;;;;;;;;;;x
PROV2371;Bazhou;xxxxxxxxxx;;;;;;;;;;;;x
PROV2372;Dazhou;xxxxxxxxxx;;;;;;;;;;;;x
PROV2373;Kaizhou;xxxxxxxxxx;;;;;;;;;;;;x
PROV2374;Kuizhou;xxxxxxxxxx;;;;;;;;;;;;x
PROV2375;Guizhou;xxxxxxxxxx;;;;;;;;;;;;x
PROV2376;Wanzhou;xxxxxxxxxx;;;;;;;;;;;;x
PROV2377;Zhongzhou;xxxxxxxxxx;;;;;;;;;;;;x
PROV2378;Ruzhou;xxxxxxxxxx;;;;;;;;;;;;x
PROV2379;Quzhou;xxxxxxxxxx;;;;;;;;;;;;x
PROV2380;Guang'an;xxxxxxxxxx;;;;;;;;;;;;x
PROV2381;Pengzhou;xxxxxxxxxx;;;;;;;;;;;;x
PROV2382;Hezhou;xxxxxxxxxx;;;;;;;;;;;;x
PROV2383;Yuzhou;xxxxxxxxxx;;;;;;;;;;;;x
PROV2384;Fuzhou;xxxxxxxxxx;;;;;;;;;;;;x
PROV2385;Qianzhou;xxxxxxxxxx;;;;;;;;;;;;x
PROV2386;Shizhou;xxxxxxxxxx;;;;;;;;;;;;x
PROV2387;Yanzhou;xxxxxxxxxx;;;;;;;;;;;;x
PROV2388;Luzhou;xxxxxxxxxx;;;;;;;;;;;;x
PROV2389;Changzhou;xxxxxxxxxx;;;;;;;;;;;;x
PROV2390;Fushun;xxxxxxxxxx;;;;;;;;;;;;x
PROV2391;Xuzhou;xxxxxxxxxx;;;;;;;;;;;;x
PROV2392;Jiazhou;xxxxxxxxxx;;;;;;;;;;;;x
PROV2393;Lizhou;xxxxxxxxxx;;;;;;;;;;;;x
PROV2394;Yazhou;xxxxxxxxxx;;;;;;;;;;;;x
PROV2395;Qiongzhou;xxxxxxxxxx;;;;;;;;;;;;x
PROV2396;Meizhou;xxxxxxxxxx;;;;;;;;;;;;x
PROV2397;Xizhou;xxxxxxxxxx;;;;;;;;;;;;x
PROV2398;Rongzhou;xxxxxxxxxx;;;;;;;;;;;;x
PROV2399;Zizhou;xxxxxxxxxx;;;;;;;;;;;;x
PROV2400;Shuzhou;xxxxxxxxxx;;;;;;;;;;;;x
PROV2401;Chengdu;xxxxxxxxxx;;;;;;;;;;;;x
PROV2402;Pengzhou;xxxxxxxxxx;;;;;;;;;;;;x
PROV2403;Maozhou;xxxxxxxxxx;;;;;;;;;;;;x
PROV2404;Weizhou;xxxxxxxxxx;;;;;;;;;;;;x
PROV2405;Hanzhou;xxxxxxxxxx;;;;;;;;;;;;x
PROV2406;Mianzhou;xxxxxxxxxx;;;;;;;;;;;;x
PROV2407;Longzhou;xxxxxxxxxx;;;;;;;;;;;;x
PROV2408;Jianzhou;xxxxxxxxxx;;;;;;;;;;;;x
PROV2409;Langzhou;xxxxxxxxxx;;;;;;;;;;;;x
PROV2410;Guozhou;xxxxxxxxxx;;;;;;;;;;;;x
PROV2411;Suizhou;xxxxxxxxxx;;;;;;;;;;;;x
PROV2412;Puzhou;xxxxxxxxxx;;;;;;;;;;;;x
PROV2413;Zizhou;xxxxxxxxxx;;;;;;;;;;;;x
PROV2414;Xizhou;xxxxxxxxxx;;;;;;;;;;;;x
PROV2415;Jianzhou;xxxxxxxxxx;;;;;;;;;;;;x
PROV2416;Taozhou;xxxxxxxxxx;;;;;;;;;;;;x
PROV2417;Jingzhou;xxxxxxxxxx;;;;;;;;;;;;x
PROV2418;Shiwei;xxxxxxxxxx;;;;;;;;;;;;x
PROV2419;Khalka;xxxxxxxxxx;;;;;;;;;;;;x
PROV2420;Argun;xxxxxxxxxx;;;;;;;;;;;;x
PROV2421;Onon;xxxxxxxxxx;;;;;;;;;;;;x
PROV2422;Hulun;xxxxxxxxxx;;;;;;;;;;;;x
PROV2423;Tatar;xxxxxxxxxx;;;;;;;;;;;;x
PROV2424;Khentii;xxxxxxxxxx;;;;;;;;;;;;x
PROV2425;Khilok;xxxxxxxxxx;;;;;;;;;;;;x
PROV2426;Tuul;xxxxxxxxxx;;;;;;;;;;;;x
PROV2427;Kirghiz;xxxxxxxxxx;;;;;;;;;;;;x
PROV2428;Selenga;xxxxxxxxxx;;;;;;;;;;;;x
PROV2429;Dali;xxxxxxxxxx;;;;;;;;;;;;x
PROV2430;Shanju;xxxxxxxxxx;;;;;;;;;;;;x
PROV2431;Moutong;xxxxxxxxxx;;;;;;;;;;;;x
PROV2432;Tengchong;xxxxxxxxxx;;;;;;;;;;;;x
PROV2433;Yongchang;xxxxxxxxxx;;;;;;;;;;;;x
PROV2434;Weichu;xxxxxxxxxx;;;;;;;;;;;;x
PROV2435;Tuodong;xxxxxxxxxx;;;;;;;;;;;;x
PROV2436;Xiushan;xxxxxxxxxx;;;;;;;;;;;;x
PROV2437;Nongdong;xxxxxxxxxx;;;;;;;;;;;;x
PROV2438;Dongchuan;xxxxxxxxxx;;;;;;;;;;;;x
PROV2439;Shicheng;xxxxxxxxxx;;;;;;;;;;;;x
PROV2440;Zuining;xxxxxxxxxx;;;;;;;;;;;;x
PROV2441;Xiangzhou;xxxxxxxxxx;;;;;;;;;;;;x
PROV2442;Zhenzhou;xxxxxxxxxx;;;;;;;;;;;;x
PROV2443;Sizhou;xxxxxxxxxx;;;;;;;;;;;;x
PROV2444;Zhengzhou;xxxxxxxxxx;;;;;;;;;;;;x
PROV2445;Dezhou;xxxxxxxxxx;;;;;;;;;;;;x
PROV2446;Qizhou;xxxxxxxxxx;;;;;;;;;;;;x
PROV2447;Zizhou;xxxxxxxxxx;;;;;;;;;;;;x
PROV2448;Yanzhou;xxxxxxxxxx;;;;;;;;;;;;x
PROV2449;Yizhou;xxxxxxxxxx;;;;;;;;;;;;x
PROV2450;Mizhou;xxxxxxxxxx;;;;;;;;;;;;x
PROV2451;Haizhou;xxxxxxxxxx;;;;;;;;;;;;x
PROV2452;Sizhou;xxxxxxxxxx;;;;;;;;;;;;x
PROV2453;Chuzhou;xxxxxxxxxx;;;;;;;;;;;;x
PROV2454;Xuzhou;xxxxxxxxxx;;;;;;;;;;;;x
PROV2455;Suzhou;xxxxxxxxxx;;;;;;;;;;;;x
PROV2456;Yingzhou;xxxxxxxxxx;;;;;;;;;;;;x
PROV2457;Bozhou;xxxxxxxxxx;;;;;;;;;;;;x
PROV2458;Songzhou;xxxxxxxxxx;;;;;;;;;;;;x
PROV2459;Shanzhou;xxxxxxxxxx;;;;;;;;;;;;x
PROV2460;Jizhou;xxxxxxxxxx;;;;;;;;;;;;x
PROV2461;Yunzhou;xxxxxxxxxx;;;;;;;;;;;;x
PROV2462;Qianzhou;xxxxxxxxxx;;;;;;;;;;;;x
PROV2463;Bozhou;xxxxxxxxxx;;;;;;;;;;;;x
PROV2464;Beizhou;xxxxxxxxxx;;;;;;;;;;;;x
PROV2465;Weizhou;xxxxxxxxxx;;;;;;;;;;;;x
PROV2466;Jingzhou;xxxxxxxxxx;;;;;;;;;;;;x
PROV2467;Chanzhou;xxxxxxxxxx;;;;;;;;;;;;x
PROV2468;Puzhou;xxxxxxxxxx;;;;;;;;;;;;x
PROV2469;Caozhou;xxxxxxxxxx;;;;;;;;;;;;x
PROV2470;Bianzhou;xxxxxxxxxx;;;;;;;;;;;;x
PROV2471;Cangzhou;xxxxxxxxxx;;;;;;;;;;;;x
PROV2472;Huazhou;xxxxxxxxxx;;;;;;;;;;;;x
PROV2473;Xuzhou;xxxxxxxxxx;;;;;;;;;;;;x
PROV2474;Chenzhou;xxxxxxxxxx;;;;;;;;;;;;x
PROV2475;Caizhou;xxxxxxxxxx;;;;;;;;;;;;x
PROV2476;Tangzhou;xxxxxxxxxx;;;;;;;;;;;;x
PROV2477;Liuqiu;xxxxxxxxxx;;;;;;;;;;;;x
PROV2478;Xiazhou;xxxxxxxxxx;;;;;;;;;;;;x
PROV2479;Yangzhou;xxxxxxxxxx;;;;;;;;;;;;x
PROV2480;Chuzhou;xxxxxxxxxx;;;;;;;;;;;;x
PROV2481;Haozhou;xxxxxxxxxx;;;;;;;;;;;;x
PROV2482;Hezhou;xxxxxxxxxx;;;;;;;;;;;;x
PROV2483;Luzhou;xxxxxxxxxx;;;;;;;;;;;;x
PROV2484;Shouzhou;xxxxxxxxxx;;;;;;;;;;;;x
PROV2485;Guangzhou;xxxxxxxxxx;;;;;;;;;;;;x
PROV2486;Shuzhou;xxxxxxxxxx;;;;;;;;;;;;x
PROV2487;Qizhou;xxxxxxxxxx;;;;;;;;;;;;x
PROV2488;Huangzhou;xxxxxxxxxx;;;;;;;;;;;;x
PROV2489;Shenzhou;xxxxxxxxxx;;;;;;;;;;;;x
PROV2490;Suizhou;xxxxxxxxxx;;;;;;;;;;;;x
PROV2491;Yingzhou;xxxxxxxxxx;;;;;;;;;;;;x
PROV2492;Anzhou;xxxxxxxxxx;;;;;;;;;;;;x
PROV2493;Fuzhou;xxxxxxxxxx;;;;;;;;;;;;x
PROV2494;Ezhou;xxxxxxxxxx;;;;;;;;;;;;x
PROV2495;Jiangling;xxxxxxxxxx;;;;;;;;;;;;x
PROV2496;Yuezhou;xxxxxxxxxx;;;;;;;;;;;;x
PROV2497;Lizhou;xxxxxxxxxx;;;;;;;;;;;;x
PROV2498;Langzhou;xxxxxxxxxx;;;;;;;;;;;;x
PROV2499;Chenzhou;xxxxxxxxxx;;;;;;;;;;;;x
PROV2500;Xizhou;xxxxxxxxxx;;;;;;;;;;;;x
PROV2501;Dizhou;xxxxxxxxxx;;;;;;;;;;;;x
PROV2502;Jinzhou;xxxxxxxxxx;;;;;;;;;;;;x
PROV2503;Shaozhou;xxxxxxxxxx;;;;;;;;;;;;x
PROV2504;Tanzhou;xxxxxxxxxx;;;;;;;;;;;;x
PROV2505;Hengzhou;xxxxxxxxxx;;;;;;;;;;;;x
PROV2506;Yongzhou;xxxxxxxxxx;;;;;;;;;;;;x
PROV2507;Daozhou;xxxxxxxxxx;;;;;;;;;;;;x
PROV2508;Chenzhou;xxxxxxxxxx;;;;;;;;;;;;x
PROV2509;Lianzhou;xxxxxxxxxx;;;;;;;;;;;;x
PROV2510;Quanzhou;xxxxxxxxxx;;;;;;;;;;;;x
PROV2511;Jizhou;xxxxxxxxxx;;;;;;;;;;;;x
PROV2512;Yuanzhou;xxxxxxxxxx;;;;;;;;;;;;x
PROV2513;Hongzhou;xxxxxxxxxx;;;;;;;;;;;;x
PROV2514;Jiangzhou;xxxxxxxxxx;;;;;;;;;;;;x
PROV2515;Raozhou;xxxxxxxxxx;;;;;;;;;;;;x
PROV2516;Xinzhou;xxxxxxxxxx;;;;;;;;;;;;x
PROV2517;Shezhou;xxxxxxxxxx;;;;;;;;;;;;x
PROV2518;Chizhou;xxxxxxxxxx;;;;;;;;;;;;x
PROV2519;Xuanzhou;xxxxxxxxxx;;;;;;;;;;;;x
PROV2520;Runzhou;xxxxxxxxxx;;;;;;;;;;;;x
PROV2521;Changzhou;xxxxxxxxxx;;;;;;;;;;;;x
PROV2522;Suzhou;xxxxxxxxxx;;;;;;;;;;;;x
PROV2523;Huzhou;xxxxxxxxxx;;;;;;;;;;;;x
PROV2524;Hangzhou;xxxxxxxxxx;;;;;;;;;;;;x
PROV2525;Muzhou;xxxxxxxxxx;;;;;;;;;;;;x
PROV2526;Quzhou;xxxxxxxxxx;;;;;;;;;;;;x
PROV2527;Wuzhou;xxxxxxxxxx;;;;;;;;;;;;x
PROV2528;Chuzhou;xxxxxxxxxx;;;;;;;;;;;;x
PROV2529;Yuezhou;xxxxxxxxxx;;;;;;;;;;;;x
PROV2530;Mingzhou;xxxxxxxxxx;;;;;;;;;;;;x
PROV2531;Taizhou;xxxxxxxxxx;;;;;;;;;;;;x
PROV2532;Wenzhou;xxxxxxxxxx;;;;;;;;;;;;x
PROV2533;Fuzhou;xxxxxxxxxx;;;;;;;;;;;;x
PROV2534;Jianzhou;xxxxxxxxxx;;;;;;;;;;;;x
PROV2535;Fuzhou;xxxxxxxxxx;;;;;;;;;;;;x
PROV2536;Tingzhou;xxxxxxxxxx;;;;;;;;;;;;x
PROV2537;Quanzhou;xxxxxxxxxx;;;;;;;;;;;;x
PROV2538;Zhangzhou;xxxxxxxxxx;;;;;;;;;;;;x
PROV2539;Nanjian;xxxxxxxxxx;;;;;;;;;;;;x
PROV2540;Chaozhou;xxxxxxxxxx;;;;;;;;;;;;x
PROV2541;Xunzhou;xxxxxxxxxx;;;;;;;;;;;;x
PROV2542;Guangzhou;xxxxxxxxxx;;;;;;;;;;;;x
PROV2543;Shaozhou;xxxxxxxxxx;;;;;;;;;;;;x
PROV2544;Enzhou;xxxxxxxxxx;;;;;;;;;;;;x
PROV2545;Xinzhou;xxxxxxxxxx;;;;;;;;;;;;x
PROV2546;Kangzhou;xxxxxxxxxx;;;;;;;;;;;;x
PROV2547;Gaozhou;xxxxxxxxxx;;;;;;;;;;;;x
PROV2548;Luozhou;xxxxxxxxxx;;;;;;;;;;;;x
PROV2549;Leizhou;xxxxxxxxxx;;;;;;;;;;;;x
PROV2550;Qiongzhou;xxxxxxxxxx;;;;;;;;;;;;x
PROV2551;Danzhou;xxxxxxxxxx;;;;;;;;;;;;x
PROV2552;Zhenzhou;xxxxxxxxxx;;;;;;;;;;;;x
PROV2553;Wanan;xxxxxxxxxx;;;;;;;;;;;;x
PROV2554;Lianzhou;xxxxxxxxxx;;;;;;;;;;;;x
PROV2555;Qinzhou;xxxxxxxxxx;;;;;;;;;;;;x
PROV2556;Baizhou;xxxxxxxxxx;;;;;;;;;;;;x
PROV2557;Yulin;xxxxxxxxxx;;;;;;;;;;;;x
PROV2558;Rongzhou;xxxxxxxxxx;;;;;;;;;;;;x
PROV2559;Tengzhou;xxxxxxxxxx;;;;;;;;;;;;x
PROV2560;Wuzhou;xxxxxxxxxx;;;;;;;;;;;;x
PROV2561;Fengzhou;xxxxxxxxxx;;;;;;;;;;;;x
PROV2562;Hezhou;xxxxxxxxxx;;;;;;;;;;;;x
PROV2563;Zhaozhou;xxxxxxxxxx;;;;;;;;;;;;x
PROV2564;Guizhou;xxxxxxxxxx;;;;;;;;;;;;x
PROV2565;Xuzhou;xxxxxxxxxx;;;;;;;;;;;;x
PROV2566;Rongzhou;xxxxxxxxxx;;;;;;;;;;;;x
PROV2567;Liuzhou;xxxxxxxxxx;;;;;;;;;;;;x
PROV2568;Xiangzhou;xxxxxxxxxx;;;;;;;;;;;;x
PROV2569;Xunzhou;xxxxxxxxxx;;;;;;;;;;;;x
PROV2570;Guizhou;xxxxxxxxxx;;;;;;;;;;;;x
PROV2571;Hengzhou;xxxxxxxxxx;;;;;;;;;;;;x
PROV2572;Binzhou;xxxxxxxxxx;;;;;;;;;;;;x
PROV2573;Laizhou;xxxxxxxxxx;;;;;;;;;;;;x
PROV2574;Dengzhou;xxxxxxxxxx;;;;;;;;;;;;x
PROV2575;Qingzhou;xxxxxxxxxx;;;;;;;;;;;;x
PROV2576;Binzhou;xxxxxxxxxx;;;;;;;;;;;;x
PROV2577;Taizhou;xxxxxxxxxx;;;;;;;;;;;;x
PROV2578;Xiuzhou;xxxxxxxxxx;;;;;;;;;;;;x
PROV2579;Shengzhou;xxxxxxxxxx;;;;;;;;;;;;x
PROV2580;Huizhou;xxxxxxxxxx;;;;;;;;;;;;x
PROV2581;Yingzhou;xxxxxxxxxx;;;;;;;;;;;;x
PROV2582;Nanxiong;xxxxxxxxxx;;;;;;;;;;;;x
PROV2583;Meizhou;xxxxxxxxxx;;;;;;;;;;;;x
PROV2584;Duanzhou;xxxxxxxxxx;;;;;;;;;;;;x
PROV2585;Yingzhou;xxxxxxxxxx;;;;;;;;;;;;x
PROV2586;Pingzhou;xxxxxxxxxx;;;;;;;;;;;;x
PROV2587;Poyang Hu;xxxxxxxxxx;;;;;;;;;;;;x
PROV2588;Dongting Hu;xxxxxxxxxx;;;;;;;;;;;;x
PROV2589;Tai Hu;xxxxxxxxxx;;;;;;;;;;;;x
PROV2590;Hezhou;xxxxxxxxxx;;;;;;;;;;;;x
PROV2591;Jiangzhou;xxxxxxxxxx;;;;;;;;;;;;x
PROV2592;Yazhou;xxxxxxxxxx;;;;;;;;;;;;x
PROV2593;Yongzhou;xxxxxxxxxx;;;;;;;;;;;;x
PROV2594;Mianzhou;xxxxxxxxxx;;;;;;;;;;;;x
PROV2595;Sumao;xxxxxxxxxx;;;;;;;;;;;;x
PROV2596;Tangzhou;xxxxxxxxxx;;;;;;;;;;;;x
PROV2597;Wu'an;xxxxxxxxxx;;;;;;;;;;;;x
PROV2598;Jiaozhou;xxxxxxxxxx;;;;;;;;;;;;x
PROV2599;Changzhou;xxxxxxxxxx;;;;;;;;;;;;x
PROV2600;Aizhou;xxxxxxxxxx;;;;;;;;;;;;x
PROV2601;Yanzhou;xxxxxxxxxx;;;;;;;;;;;;x
PROV2602;Huanzhou;xxxxxxxxxx;;;;;;;;;;;;x
PROV2603;Traik;xxxxxxxxxx;;;;;;;;;;;;x
PROV2604;Wu'e;xxxxxxxxxx;;;;;;;;;;;;x
PROV2605;Wuding;xxxxxxxxxx;;;;;;;;;;;;x
PROV2606;Fengzhou;xxxxxxxxxx;;;;;;;;;;;;x
PROV2607;Liangzhou;xxxxxxxxxx;;;;;;;;;;;;x
PROV2608;Guangyuan;xxxxxxxxxx;;;;;;;;;;;;x
PROV2609;Chang Jiang;xxxxxxxxxx;;;;;;;;;;;;x
PROV2610;Chang Jiang;xxxxxxxxxx;;;;;;;;;;;;x
PROV2611;Chang Jiang;xxxxxxxxxx;;;;;;;;;;;;x
PROV2612;Chang Jiang;xxxxxxxxxx;;;;;;;;;;;;x
PROV2613;Chang Jiang Estuary;xxxxxxxxxx;;;;;;;;;;;;x
PROV2614;Anbyeon;xxxxxxxxxx;;;;;;;;;;;;x
PROV2615;Anwon;xxxxxxxxxx;;;;;;;;;;;;x
PROV2616;Dongpyeong;xxxxxxxxxx;;;;;;;;;;;;x
PROV2617;Hoewon;xxxxxxxxxx;;;;;;;;;;;;x
PROV2618;Cheolli;xxxxxxxxxx;;;;;;;;;;;;x
PROV2619;Mita Ha;xxxxxxxxxx;;;;;;;;;;;;x
PROV2620;Qinghai;xxxxxxxxxx;;;;;;;;;;;;x
PROV2621; ;xxxxxxxxxx;;;;;;;;;;;;x
PROV2622;Zyrna;xxxxxxxxxx;;;;;;;;;;;;x
PROV2623;Köbsügül Naghur;xxxxxxxxxx;;;;;;;;;;;;x
PROV2624;Hölön Naghur;xxxxxxxxxx;;;;;;;;;;;;x
PROV2625;Ubsu Naghur;xxxxxxxxxx;;;;;;;;;;;;x
PROV2626; ;xxxxxxxxxx;;;;;;;;;;;;x
PROV2627; ;xxxxxxxxxx;;;;;;;;;;;;x
PROV2628;Liaoyang;xxxxxxxxxx;;;;;;;;;;;;x
PROV2629;Zhenhai;xxxxxxxxxx;;;;;;;;;;;;x
PROV2630;Chenzhou;xxxxxxxxxx;;;;;;;;;;;;x
PROV2631;Xianzhou;xxxxxxxxxx;;;;;;;;;;;;x
PROV2632;Yizhou;xxxxxxxxxx;;;;;;;;;;;;x
PROV2633;Xingzhong;xxxxxxxxxx;;;;;;;;;;;;x
PROV2634;Jiangsheng;xxxxxxxxxx;;;;;;;;;;;;x
PROV2635;Yongzhou;xxxxxxxxxx;;;;;;;;;;;;x
PROV2636;Changchun;xxxxxxxxxx;;;;;;;;;;;;x
PROV2637;Songshan;xxxxxxxxxx;;;;;;;;;;;;x
PROV2638;Zezhou;xxxxxxxxxx;;;;;;;;;;;;x
PROV2639;Bei'an;xxxxxxxxxx;;;;;;;;;;;;x
PROV2640;Soju;xxxxxxxxxx;;;;;;;;;;;;x
PROV2641;Liaodong Wan;xxxxxxxxxx;;;;;;;;;;;;x
PROV2642;Bohai;xxxxxxxxxx;;;;;;;;;;;;x
PROV2643;Bohai Haixia;xxxxxxxxxx;;;;;;;;;;;;x
PROV2644;Seojoseon Man ;xxxxxxxxxx;;;;;;;;;;;;x
PROV2645;Huanghai;xxxxxxxxxx;;;;;;;;;;;;x
PROV2646;Huainan Hai'an;xxxxxxxxxx;;;;;;;;;;;;x
PROV2647;Hangzhou Wan;xxxxxxxxxx;;;;;;;;;;;;x
PROV2648;Zhedong Hai'an;xxxxxxxxxx;;;;;;;;;;;;x
PROV2649;Fujian Hai'an;xxxxxxxxxx;;;;;;;;;;;;x
PROV2650;Guangdong Hai'an;xxxxxxxxxx;;;;;;;;;;;;x
PROV2651;Guangzhou Wan;xxxxxxxxxx;;;;;;;;;;;;x
PROV2652;Qiongzhou Haixia;xxxxxxxxxx;;;;;;;;;;;;x
PROV2653;Nanhai;xxxxxxxxxx;;;;;;;;;;;;x
PROV2654;Vinh Bac Bo;xxxxxxxxxx;;;;;;;;;;;;x
